datetime,Ten_Meter_Elevation_Wind_Speed_meterPerSecond,Air_Temperature_celsius,Relative_Humidity_percent,Shortwave_Radiation_Downwelling_wattPerMeterSquared,Longwave_Radiation_Downwelling_wattPerMeterSquared,Sea_Level_Barometric_Pressure_pascal,Surface_Level_Barometric_Pressure_pascal,Precipitation_millimeterPerDay,Snowfall_millimeterPerDay
2010-01-01 00:00:00,1.4666666666666668,1.5708333333333335,94.0,18.291666666666668,999.0,999.0,999.0,999.0,999.0
2010-01-02 00:00:00,1.0250000000000001,-1.3291666666666666,96.25,19.083333333333332,999.0,999.0,999.0,999.0,999.0
2010-01-03 00:00:00,0.9,-3.4958333333333336,86.29166666666667,55.291666666666664,999.0,999.0,999.0,999.0,999.0
2010-01-04 00:00:00,0.6083333333333333,-3.4375,84.875,21.291666666666668,999.0,999.0,999.0,999.0,999.0
2010-01-05 00:00:00,1.2083333333333333,-0.8125,65.54166666666667,60.166666666666664,999.0,999.0,999.0,999.0,999.0
2010-01-06 00:00:00,1.45,3.3958333333333335,71.125,29.583333333333332,999.0,999.0,999.0,999.0,999.0
2010-01-07 00:00:00,1.1875,6.5,88.91666666666667,32.083333333333336,999.0,999.0,999.0,999.0,999.0
2010-01-08 00:00:00,1.3208333333333333,7.333333333333333,83.79166666666667,41.708333333333336,999.0,999.0,999.0,999.0,999.0
2010-01-09 00:00:00,1.3958333333333333,5.708333333333333,83.91666666666667,32.958333333333336,999.0,999.0,999.0,999.0,999.0
2010-01-10 00:00:00,1.3458333333333332,3.625,89.625,22.583333333333332,999.0,999.0,999.0,999.0,999.0
2010-01-11 00:00:00,1.4291666666666665,3.7291666666666665,86.0,40.166666666666664,999.0,999.0,999.0,999.0,999.0
2010-01-12 00:00:00,1.7416666666666665,5.458333333333333,84.04166666666667,33.583333333333336,999.0,999.0,999.0,999.0,999.0
2010-01-13 00:00:00,2.3000000000000003,9.541666666666666,82.54166666666667,26.458333333333332,999.0,999.0,999.0,999.0,999.0
2010-01-14 00:00:00,1.7041666666666666,9.166666666666666,78.79166666666667,25.458333333333332,999.0,999.0,999.0,999.0,999.0
2010-01-15 00:00:00,1.625,6.875,80.20833333333333,54.166666666666664,999.0,999.0,999.0,999.0,999.0
2010-01-16 00:00:00,0.975,2.125,89.04166666666667,68.29166666666667,999.0,999.0,999.0,999.0,999.0
2010-01-17 00:00:00,0.4166666666666667,0.6041666666666666,94.125,40.0,999.0,999.0,999.0,999.0,999.0
2010-01-18 00:00:00,0.7583333333333333,3.0416666666666665,85.41666666666667,47.083333333333336,999.0,999.0,999.0,999.0,999.0
2010-01-19 00:00:00,0.5499999999999999,1.5833333333333333,89.25,24.208333333333332,999.0,999.0,999.0,999.0,999.0
2010-01-20 00:00:00,1.0291666666666666,-1.0,90.16666666666667,26.25,999.0,999.0,999.0,999.0,999.0
2010-01-21 00:00:00,2.0749999999999997,-1.7916666666666667,78.5,30.25,999.0,999.0,999.0,999.0,999.0
2010-01-22 00:00:00,2.379166666666667,-2.904166666666667,69.95833333333333,24.208333333333332,999.0,999.0,999.0,999.0,999.0
2010-01-23 00:00:00,1.7958333333333334,3.1333333333333333,75.70833333333333,76.54166666666667,999.0,999.0,999.0,999.0,999.0
2010-01-24 00:00:00,1.8958333333333333,-1.825,77.95833333333333,31.75,999.0,999.0,999.0,999.0,999.0
2010-01-25 00:00:00,1.6041666666666667,0.6041666666666666,72.75,29.25,999.0,999.0,999.0,999.0,999.0
2010-01-26 00:00:00,1.1833333333333333,1.7083333333333333,77.04166666666667,35.291666666666664,999.0,999.0,999.0,999.0,999.0
2010-01-27 00:00:00,1.4916666666666665,0.625,84.0,32.666666666666664,999.0,999.0,999.0,999.0,999.0
2010-01-28 00:00:00,2.9958333333333336,0.1875,75.20833333333333,40.291666666666664,999.0,999.0,999.0,999.0,999.0
2010-01-29 00:00:00,1.2375,-0.9583333333333334,77.41666666666667,43.75,999.0,999.0,999.0,999.0,999.0
2010-01-30 00:00:00,2.0125,-3.75,84.08333333333333,30.416666666666668,999.0,999.0,999.0,999.0,999.0
2010-01-31 00:00:00,1.4083333333333332,-3.7416666666666667,84.5,34.666666666666664,999.0,999.0,999.0,999.0,999.0
2010-02-01 00:00:00,1.7791666666666668,-1.7916666666666667,75.375,29.625,999.0,999.0,999.0,999.0,999.0
2010-02-02 00:00:00,0.6083333333333333,-0.4166666666666667,78.375,61.75,999.0,999.0,999.0,999.0,999.0
2010-02-03 00:00:00,0.6958333333333333,1.9166666666666667,76.83333333333333,90.45833333333333,999.0,999.0,999.0,999.0,999.0
2010-02-04 00:00:00,0.775,2.5,79.04166666666667,80.5,999.0,999.0,999.0,999.0,999.0
2010-02-05 00:00:00,0.5708333333333333,2.1666666666666665,82.375,92.54166666666667,999.0,999.0,999.0,999.0,999.0
2010-02-06 00:00:00,1.1291666666666667,3.3125,81.33333333333333,95.20833333333333,999.0,999.0,999.0,999.0,999.0
2010-02-07 00:00:00,1.1541666666666666,2.625,86.33333333333333,39.625,999.0,999.0,999.0,999.0,999.0
2010-02-08 00:00:00,1.1291666666666667,0.5208333333333334,91.41666666666667,38.708333333333336,999.0,999.0,999.0,999.0,999.0
2010-02-09 00:00:00,1.2708333333333333,0.3125,82.25,62.125,999.0,999.0,999.0,999.0,999.0
2010-02-10 00:00:00,5.8374999999999995,4.75,72.16666666666667,70.45833333333333,999.0,999.0,999.0,999.0,999.0
2010-02-11 00:00:00,3.625,0.9375,79.75,40.625,999.0,999.0,999.0,999.0,999.0
2010-02-12 00:00:00,1.0458333333333334,-1.1666666666666667,78.41666666666667,64.70833333333333,999.0,999.0,999.0,999.0,999.0
2010-02-13 00:00:00,1.0833333333333333,-2.7708333333333335,81.70833333333333,68.0,999.0,999.0,999.0,999.0,999.0
2010-02-14 00:00:00,1.2583333333333333,-3.2416666666666667,91.79166666666667,44.5,999.0,999.0,999.0,999.0,999.0
2010-02-15 00:00:00,0.6166666666666667,-5.166666666666667,84.83333333333333,117.79166666666667,999.0,999.0,999.0,999.0,999.0
2010-02-16 00:00:00,1.3791666666666667,-2.15,78.875,57.666666666666664,999.0,999.0,999.0,999.0,999.0
2010-02-17 00:00:00,2.920833333333333,0.4958333333333333,90.16666666666667,45.583333333333336,999.0,999.0,999.0,999.0,999.0
2010-02-18 00:00:00,1.9333333333333333,-5.0625,76.25,115.83333333333333,999.0,999.0,999.0,999.0,999.0
2010-02-19 00:00:00,0.9249999999999999,-6.458333333333333,78.04166666666667,94.04166666666667,999.0,999.0,999.0,999.0,999.0
2010-02-20 00:00:00,1.0416666666666667,-2.6458333333333335,74.54166666666667,54.333333333333336,999.0,999.0,999.0,999.0,999.0
2010-02-21 00:00:00,0.3958333333333333,1.9166666666666667,85.0,79.91666666666667,999.0,999.0,999.0,999.0,999.0
2010-02-22 00:00:00,0.6666666666666666,1.4875,90.95833333333333,53.333333333333336,999.0,999.0,999.0,999.0,999.0
2010-02-23 00:00:00,1.6291666666666667,2.2958333333333334,87.125,72.29166666666667,999.0,999.0,999.0,999.0,999.0
2010-02-24 00:00:00,0.4166666666666667,2.0416666666666665,86.66666666666667,64.91666666666667,999.0,999.0,999.0,999.0,999.0
2010-02-25 00:00:00,1.0625,0.9583333333333334,77.79166666666667,134.70833333333334,999.0,999.0,999.0,999.0,999.0
2010-02-26 00:00:00,1.2791666666666666,2.8333333333333335,68.29166666666667,93.91666666666667,999.0,999.0,999.0,999.0,999.0
2010-02-27 00:00:00,1.2083333333333333,5.020833333333333,70.95833333333333,95.91666666666667,999.0,999.0,999.0,999.0,999.0
2010-02-28 00:00:00,0.9541666666666667,3.591666666666667,77.125,144.95833333333334,999.0,999.0,999.0,999.0,999.0
2010-03-01 00:00:00,2.845833333333333,4.2250000000000005,72.375,66.125,999.0,999.0,999.0,999.0,999.0
2010-03-02 00:00:00,4.129166666666666,2.8125,54.5,130.16666666666666,999.0,999.0,999.0,999.0,999.0
2010-03-03 00:00:00,1.575,0.75,64.125,132.75,999.0,999.0,999.0,999.0,999.0
2010-03-04 00:00:00,1.0458333333333334,1.1666666666666667,76.08333333333333,126.83333333333333,999.0,999.0,999.0,999.0,999.0
2010-03-05 00:00:00,0.7833333333333333,0.14583333333333334,87.16666666666667,67.0,999.0,999.0,999.0,999.0,999.0
2010-03-06 00:00:00,1.7874999999999999,0.4583333333333333,78.83333333333333,68.5,999.0,999.0,999.0,999.0,999.0
2010-03-07 00:00:00,3.0541666666666667,2.3333333333333335,49.958333333333336,158.20833333333334,999.0,999.0,999.0,999.0,999.0
2010-03-08 00:00:00,0.5625,3.5833333333333335,61.416666666666664,164.29166666666666,999.0,999.0,999.0,999.0,999.0
2010-03-09 00:00:00,1.3499999999999999,6.104166666666667,65.54166666666667,165.33333333333334,999.0,999.0,999.0,999.0,999.0
2010-03-10 00:00:00,2.704166666666667,7.708333333333333,63.666666666666664,142.58333333333334,999.0,999.0,999.0,999.0,999.0
2010-03-11 00:00:00,0.7374999999999999,6.395833333333333,72.125,104.0,999.0,999.0,999.0,999.0,999.0
2010-03-12 00:00:00,0.8583333333333334,5.8125,73.33333333333333,174.45833333333334,999.0,999.0,999.0,999.0,999.0
2010-03-13 00:00:00,0.65,7.916666666666667,73.58333333333333,157.75,999.0,999.0,999.0,999.0,999.0
2010-03-14 00:00:00,1.075,9.833333333333334,68.125,175.66666666666666,999.0,999.0,999.0,999.0,999.0
2010-03-15 00:00:00,1.2541666666666667,8.666666666666666,69.16666666666667,178.45833333333334,999.0,999.0,999.0,999.0,999.0
2010-03-16 00:00:00,1.0291666666666666,9.1875,70.83333333333333,112.29166666666667,999.0,999.0,999.0,999.0,999.0
2010-03-17 00:00:00,3.0124999999999997,7.583333333333333,88.16666666666667,64.41666666666667,999.0,999.0,999.0,999.0,999.0
2010-03-18 00:00:00,3.1291666666666664,7.104166666666667,76.25,73.25,999.0,999.0,999.0,999.0,999.0
2010-03-19 00:00:00,1.1208333333333333,4.166666666666667,88.5,60.5,999.0,999.0,999.0,999.0,999.0
2010-03-20 00:00:00,2.3666666666666667,3.9583333333333335,64.54166666666667,167.95833333333334,999.0,999.0,999.0,999.0,999.0
2010-03-21 00:00:00,2.316666666666667,4.3125,56.333333333333336,197.91666666666666,999.0,999.0,999.0,999.0,999.0
2010-03-22 00:00:00,0.9166666666666666,5.666666666666667,60.0,197.29166666666666,999.0,999.0,999.0,999.0,999.0
2010-03-23 00:00:00,1.75,7.8125,58.25,200.0,999.0,999.0,999.0,999.0,999.0
2010-03-24 00:00:00,0.8208333333333333,8.833333333333334,64.54166666666667,203.0,999.0,999.0,999.0,999.0,999.0
2010-03-25 00:00:00,0.8833333333333333,10.791666666666666,60.375,205.83333333333334,999.0,999.0,999.0,999.0,999.0
2010-03-26 00:00:00,1.4874999999999998,10.583333333333334,57.958333333333336,149.45833333333334,999.0,999.0,999.0,999.0,999.0
2010-03-27 00:00:00,1.1541666666666666,9.833333333333334,76.04166666666667,121.5,999.0,999.0,999.0,999.0,999.0
2010-03-28 00:00:00,0.8375,9.291666666666666,82.91666666666667,103.125,999.0,999.0,999.0,999.0,999.0
2010-03-29 00:00:00,1.1208333333333333,8.729166666666666,74.70833333333333,193.5,999.0,999.0,999.0,999.0,999.0
2010-03-30 00:00:00,1.2083333333333333,9.416666666666666,75.08333333333333,96.91666666666667,999.0,999.0,999.0,999.0,999.0
2010-03-31 00:00:00,1.7916666666666667,10.137500000000001,80.70833333333333,136.54166666666666,999.0,999.0,999.0,999.0,999.0
2010-04-01 00:00:00,1.8541666666666667,2.4583333333333335,86.79166666666667,127.45833333333333,999.0,999.0,999.0,999.0,999.0
2010-04-02 00:00:00,1.2583333333333333,4.666666666666667,66.16666666666667,223.58333333333334,999.0,999.0,999.0,999.0,999.0
2010-04-03 00:00:00,2.2291666666666665,9.354166666666666,55.125,229.0,999.0,999.0,999.0,999.0,999.0
2010-04-04 00:00:00,3.3208333333333333,6.895833333333333,76.79166666666667,172.875,999.0,999.0,999.0,999.0,999.0
2010-04-05 00:00:00,2.3541666666666665,6.0625,66.04166666666667,128.16666666666666,999.0,999.0,999.0,999.0,999.0
2010-04-06 00:00:00,0.9249999999999999,7.645833333333333,58.916666666666664,234.0,999.0,999.0,999.0,999.0,999.0
2010-04-07 00:00:00,1.2958333333333334,10.729166666666666,57.416666666666664,234.33333333333334,999.0,999.0,999.0,999.0,999.0
2010-04-08 00:00:00,1.2583333333333333,11.604166666666666,67.04166666666667,150.0,999.0,999.0,999.0,999.0,999.0
2010-04-09 00:00:00,2.1416666666666666,11.083333333333334,69.875,200.54166666666666,999.0,999.0,999.0,999.0,999.0
2010-04-10 00:00:00,1.9791666666666667,10.0625,61.5,175.0,999.0,999.0,999.0,999.0,999.0
2010-04-11 00:00:00,2.8666666666666667,6.5625,55.125,220.33333333333334,999.0,999.0,999.0,999.0,999.0
2010-04-12 00:00:00,2.983333333333333,5.625,63.791666666666664,93.54166666666667,999.0,999.0,999.0,999.0,999.0
2010-04-13 00:00:00,1.3291666666666668,5.770833333333333,66.58333333333333,182.08333333333334,999.0,999.0,999.0,999.0,999.0
2010-04-14 00:00:00,0.5833333333333334,5.791666666666667,80.20833333333333,184.91666666666666,999.0,999.0,999.0,999.0,999.0
2010-04-15 00:00:00,1.2916666666666667,6.9375,77.29166666666667,112.66666666666667,999.0,999.0,999.0,999.0,999.0
2010-04-16 00:00:00,1.8041666666666665,7.666666666666667,69.33333333333333,135.70833333333334,999.0,999.0,999.0,999.0,999.0
2010-04-17 00:00:00,2.4125,10.083333333333334,67.33333333333333,244.70833333333334,999.0,999.0,999.0,999.0,999.0
2010-04-18 00:00:00,1.6500000000000001,9.916666666666666,70.45833333333333,248.5,999.0,999.0,999.0,999.0,999.0
2010-04-19 00:00:00,1.6333333333333335,12.125,63.5,232.95833333333334,999.0,999.0,999.0,999.0,999.0
2010-04-20 00:00:00,1.9708333333333332,11.0,67.58333333333333,173.16666666666666,999.0,999.0,999.0,999.0,999.0
2010-04-21 00:00:00,2.191666666666667,12.625,56.958333333333336,264.7083333333333,999.0,999.0,999.0,999.0,999.0
2010-04-22 00:00:00,1.7,10.645833333333334,52.75,269.7916666666667,999.0,999.0,999.0,999.0,999.0
2010-04-23 00:00:00,1.4375,11.1875,56.5,272.0,999.0,999.0,999.0,999.0,999.0
2010-04-24 00:00:00,1.5374999999999999,13.4375,56.375,275.4166666666667,999.0,999.0,999.0,999.0,999.0
2010-04-25 00:00:00,0.9416666666666668,15.5,52.916666666666664,276.4583333333333,999.0,999.0,999.0,999.0,999.0
2010-04-26 00:00:00,1.6541666666666668,14.833333333333334,68.5,212.41666666666666,999.0,999.0,999.0,999.0,999.0
2010-04-27 00:00:00,1.8958333333333333,13.895833333333334,63.916666666666664,247.91666666666666,999.0,999.0,999.0,999.0,999.0
2010-04-28 00:00:00,0.9874999999999999,15.058333333333332,57.583333333333336,278.1666666666667,999.0,999.0,999.0,999.0,999.0
2010-04-29 00:00:00,1.225,17.629166666666666,55.416666666666664,280.5833333333333,999.0,999.0,999.0,999.0,999.0
2010-04-30 00:00:00,2.2375000000000003,16.691666666666666,69.70833333333333,238.45833333333334,999.0,999.0,999.0,999.0,999.0
2010-05-01 00:00:00,1.3041666666666667,11.262500000000001,84.41666666666667,135.29166666666666,999.0,999.0,999.0,999.0,999.0
2010-05-02 00:00:00,1.15,8.025,58.083333333333336,290.6666666666667,999.0,999.0,999.0,999.0,999.0
2010-05-03 00:00:00,1.2625,11.4,84.95833333333333,136.66666666666666,999.0,999.0,999.0,999.0,999.0
2010-05-04 00:00:00,3.0208333333333335,13.758333333333333,65.58333333333333,289.1666666666667,999.0,999.0,999.0,999.0,999.0
2010-05-05 00:00:00,1.075,7.866666666666667,89.20833333333333,97.75,999.0,999.0,999.0,999.0,999.0
2010-05-06 00:00:00,3.408333333333333,14.433333333333332,63.0,292.625,999.0,999.0,999.0,999.0,999.0
2010-05-07 00:00:00,2.920833333333333,12.304166666666667,81.5,157.33333333333334,999.0,999.0,999.0,999.0,999.0
2010-05-08 00:00:00,2.4791666666666665,14.625,67.125,265.4583333333333,999.0,999.0,999.0,999.0,999.0
2010-05-09 00:00:00,3.1,15.416666666666666,74.04166666666667,172.58333333333334,999.0,999.0,999.0,999.0,999.0
2010-05-10 00:00:00,2.475,17.125,62.166666666666664,280.8333333333333,999.0,999.0,999.0,999.0,999.0
2010-05-11 00:00:00,3.516666666666667,13.720833333333333,65.04166666666667,248.25,999.0,999.0,999.0,999.0,999.0
2010-05-12 00:00:00,3.4791666666666665,9.916666666666666,69.91666666666667,239.625,999.0,999.0,999.0,999.0,999.0
2010-05-13 00:00:00,1.5291666666666668,8.375,80.625,174.875,999.0,999.0,999.0,999.0,999.0
2010-05-14 00:00:00,2.033333333333333,8.291666666666666,82.08333333333333,175.79166666666666,999.0,999.0,999.0,999.0,999.0
2010-05-15 00:00:00,1.75,8.375,76.70833333333333,174.95833333333334,999.0,999.0,999.0,999.0,999.0
2010-05-16 00:00:00,2.529166666666667,10.916666666666666,62.041666666666664,204.5,999.0,999.0,999.0,999.0,999.0
2010-05-17 00:00:00,2.3125,12.041666666666666,61.5,248.125,999.0,999.0,999.0,999.0,999.0
2010-05-18 00:00:00,0.8583333333333334,13.770833333333334,64.83333333333333,313.9166666666667,999.0,999.0,999.0,999.0,999.0
2010-05-19 00:00:00,1.9000000000000001,16.787499999999998,57.375,301.5,999.0,999.0,999.0,999.0,999.0
2010-05-20 00:00:00,1.1833333333333333,18.775000000000002,52.75,315.9583333333333,999.0,999.0,999.0,999.0,999.0
2010-05-21 00:00:00,1.0583333333333333,18.766666666666666,56.625,315.7916666666667,999.0,999.0,999.0,999.0,999.0
2010-05-22 00:00:00,2.2,18.462500000000002,62.833333333333336,309.75,999.0,999.0,999.0,999.0,999.0
2010-05-23 00:00:00,1.5041666666666667,14.541666666666666,72.79166666666667,283.5833333333333,999.0,999.0,999.0,999.0,999.0
2010-05-24 00:00:00,1.7208333333333332,14.583333333333334,67.33333333333333,220.875,999.0,999.0,999.0,999.0,999.0
2010-05-25 00:00:00,1.2666666666666668,17.083333333333332,65.20833333333333,317.0833333333333,999.0,999.0,999.0,999.0,999.0
2010-05-26 00:00:00,1.9874999999999998,15.833333333333334,70.95833333333333,243.08333333333334,999.0,999.0,999.0,999.0,999.0
2010-05-27 00:00:00,2.3916666666666666,13.166666666666666,81.0,143.70833333333334,999.0,999.0,999.0,999.0,999.0
2010-05-28 00:00:00,1.5125,14.520833333333334,70.33333333333333,191.66666666666666,999.0,999.0,999.0,999.0,999.0
2010-05-29 00:00:00,1.1833333333333333,14.875,68.20833333333333,234.5,999.0,999.0,999.0,999.0,999.0
2010-05-30 00:00:00,1.1833333333333333,12.479166666666666,84.04166666666667,139.29166666666666,999.0,999.0,999.0,999.0,999.0
2010-05-31 00:00:00,1.7666666666666666,11.9,70.33333333333333,280.875,999.0,999.0,999.0,999.0,999.0
2010-06-01 00:00:00,2.245833333333333,18.520833333333332,69.45833333333333,288.625,999.0,999.0,999.0,999.0,999.0
2010-06-02 00:00:00,2.2916666666666665,17.625,67.41666666666667,143.625,999.0,999.0,999.0,999.0,999.0
2010-06-03 00:00:00,0.8125,18.5125,66.375,323.125,999.0,999.0,999.0,999.0,999.0
2010-06-04 00:00:00,2.2416666666666667,8.700000000000001,65.70833333333333,330.8333333333333,999.0,999.0,999.0,999.0,999.0
2010-06-05 00:00:00,3.704166666666666,6.966666666666666,74.70833333333333,169.29166666666666,999.0,999.0,999.0,999.0,999.0
2010-06-06 00:00:00,1.4041666666666668,12.674999999999999,72.79166666666667,171.5,999.0,999.0,999.0,999.0,999.0
2010-06-07 00:00:00,1.2166666666666666,14.979166666666666,82.83333333333333,181.375,999.0,999.0,999.0,999.0,999.0
2010-06-08 00:00:00,2.0208333333333335,18.625,78.20833333333333,292.4583333333333,999.0,999.0,999.0,999.0,999.0
2010-06-09 00:00:00,1.9791666666666667,15.354166666666666,87.75,162.58333333333334,999.0,999.0,999.0,999.0,999.0
2010-06-10 00:00:00,1.6416666666666666,14.791666666666666,74.91666666666667,183.20833333333334,999.0,999.0,999.0,999.0,999.0
2010-06-11 00:00:00,1.0166666666666666,13.791666666666666,82.83333333333333,250.91666666666666,999.0,999.0,999.0,999.0,999.0
2010-06-12 00:00:00,2.441666666666667,14.75,80.375,233.5,999.0,999.0,999.0,999.0,999.0
2010-06-13 00:00:00,1.7208333333333332,11.708333333333334,91.83333333333333,106.625,999.0,999.0,999.0,999.0,999.0
2010-06-14 00:00:00,1.9958333333333333,12.958333333333334,81.91666666666667,191.83333333333334,999.0,999.0,999.0,999.0,999.0
2010-06-15 00:00:00,1.1833333333333333,15.041666666666666,70.83333333333333,313.9583333333333,999.0,999.0,999.0,999.0,999.0
2010-06-16 00:00:00,1.1375,19.458333333333332,66.375,325.0,999.0,999.0,999.0,999.0,999.0
2010-06-17 00:00:00,1.6624999999999999,22.75,59.666666666666664,330.9166666666667,999.0,999.0,999.0,999.0,999.0
2010-06-18 00:00:00,1.6083333333333334,20.416666666666668,70.125,283.875,999.0,999.0,999.0,999.0,999.0
2010-06-19 00:00:00,1.6708333333333334,22.791666666666668,67.29166666666667,315.625,999.0,999.0,999.0,999.0,999.0
2010-06-20 00:00:00,0.6875,22.041666666666668,75.91666666666667,322.5833333333333,999.0,999.0,999.0,999.0,999.0
2010-06-21 00:00:00,0.8333333333333334,20.25,81.91666666666667,219.29166666666666,999.0,999.0,999.0,999.0,999.0
2010-06-22 00:00:00,1.0,20.125,80.0,277.7916666666667,999.0,999.0,999.0,999.0,999.0
2010-06-23 00:00:00,2.2166666666666663,17.708333333333332,67.70833333333333,245.66666666666666,999.0,999.0,999.0,999.0,999.0
2010-06-24 00:00:00,0.9041666666666667,18.458333333333332,59.958333333333336,324.7083333333333,999.0,999.0,999.0,999.0,999.0
2010-06-25 00:00:00,1.8125,18.979166666666668,66.83333333333333,331.5416666666667,999.0,999.0,999.0,999.0,999.0
2010-06-26 00:00:00,4.041666666666667,17.375,79.625,163.29166666666666,999.0,999.0,999.0,999.0,999.0
2010-06-27 00:00:00,0.8291666666666666,17.708333333333332,74.83333333333333,239.29166666666666,999.0,999.0,999.0,999.0,999.0
2010-06-28 00:00:00,0.975,21.395833333333332,69.875,314.1666666666667,999.0,999.0,999.0,999.0,999.0
2010-06-29 00:00:00,0.7958333333333334,22.166666666666668,75.125,312.3333333333333,999.0,999.0,999.0,999.0,999.0
2010-06-30 00:00:00,1.2416666666666667,24.808333333333334,69.0,323.7916666666667,999.0,999.0,999.0,999.0,999.0
2010-07-01 00:00:00,1.0458333333333334,22.287499999999998,63.583333333333336,326.7083333333333,999.0,999.0,999.0,999.0,999.0
2010-07-02 00:00:00,1.4916666666666665,14.262500000000001,70.04166666666667,159.95833333333334,999.0,999.0,999.0,999.0,999.0
2010-07-03 00:00:00,0.9208333333333334,22.808333333333334,62.625,325.6666666666667,999.0,999.0,999.0,999.0,999.0
2010-07-04 00:00:00,0.9500000000000001,18.758333333333333,71.66666666666667,216.45833333333334,999.0,999.0,999.0,999.0,999.0
2010-07-05 00:00:00,2.0500000000000003,14.966666666666667,80.70833333333333,161.83333333333334,999.0,999.0,999.0,999.0,999.0
2010-07-06 00:00:00,0.8791666666666668,19.795833333333334,67.29166666666667,215.70833333333334,999.0,999.0,999.0,999.0,999.0
2010-07-07 00:00:00,1.05,20.666666666666668,52.75,323.625,999.0,999.0,999.0,999.0,999.0
2010-07-08 00:00:00,0.8041666666666667,22.791666666666668,53.375,323.5416666666667,999.0,999.0,999.0,999.0,999.0
2010-07-09 00:00:00,0.9958333333333332,24.583333333333332,57.333333333333336,322.9583333333333,999.0,999.0,999.0,999.0,999.0
2010-07-10 00:00:00,1.7750000000000001,25.020833333333332,64.125,322.8333333333333,999.0,999.0,999.0,999.0,999.0
2010-07-11 00:00:00,1.4083333333333332,24.3125,66.83333333333333,321.2083333333333,999.0,999.0,999.0,999.0,999.0
2010-07-12 00:00:00,2.2583333333333333,23.458333333333332,67.91666666666667,315.3333333333333,999.0,999.0,999.0,999.0,999.0
2010-07-13 00:00:00,1.0041666666666667,22.75,71.0,314.4583333333333,999.0,999.0,999.0,999.0,999.0
2010-07-14 00:00:00,1.8583333333333334,25.833333333333332,66.66666666666667,308.1666666666667,999.0,999.0,999.0,999.0,999.0
2010-07-15 00:00:00,0.9708333333333333,21.229166666666668,73.79166666666667,261.4166666666667,999.0,999.0,999.0,999.0,999.0
2010-07-16 00:00:00,1.125,23.75,66.75,314.3333333333333,999.0,999.0,999.0,999.0,999.0
2010-07-17 00:00:00,2.4250000000000003,19.166666666666668,81.95833333333333,226.20833333333334,999.0,999.0,999.0,999.0,999.0
2010-07-18 00:00:00,2.0291666666666663,18.958333333333332,67.83333333333333,306.9583333333333,999.0,999.0,999.0,999.0,999.0
2010-07-19 00:00:00,1.9625000000000001,19.604166666666668,64.91666666666667,310.4583333333333,999.0,999.0,999.0,999.0,999.0
2010-07-20 00:00:00,0.8583333333333334,21.666666666666668,63.458333333333336,304.625,999.0,999.0,999.0,999.0,999.0
2010-07-21 00:00:00,1.7375,24.083333333333332,59.833333333333336,308.5,999.0,999.0,999.0,999.0,999.0
2010-07-22 00:00:00,1.5125,20.895833333333332,76.83333333333333,252.41666666666666,999.0,999.0,999.0,999.0,999.0
2010-07-23 00:00:00,1.7625,16.75,90.16666666666667,160.41666666666666,999.0,999.0,999.0,999.0,999.0
2010-07-24 00:00:00,1.875,14.729166666666666,81.58333333333333,153.08333333333334,999.0,999.0,999.0,999.0,999.0
2010-07-25 00:00:00,1.2458333333333333,16.520833333333332,65.16666666666667,294.5833333333333,999.0,999.0,999.0,999.0,999.0
2010-07-26 00:00:00,1.4958333333333333,16.916666666666668,74.04166666666667,198.625,999.0,999.0,999.0,999.0,999.0
2010-07-27 00:00:00,1.5833333333333333,16.875,76.75,285.875,999.0,999.0,999.0,999.0,999.0
2010-07-28 00:00:00,1.3291666666666666,16.229166666666668,83.875,196.70833333333334,999.0,999.0,999.0,999.0,999.0
2010-07-29 00:00:00,1.4333333333333333,15.166666666666666,89.91666666666667,156.79166666666666,999.0,999.0,999.0,999.0,999.0
2010-07-30 00:00:00,1.1666666666666667,15.458333333333334,78.54166666666667,196.70833333333334,999.0,999.0,999.0,999.0,999.0
2010-07-31 00:00:00,0.7791666666666667,16.895833333333332,70.875,301.125,999.0,999.0,999.0,999.0,999.0
2010-08-01 00:00:00,1.3291666666666666,15.9375,79.95833333333333,140.79166666666666,999.0,999.0,999.0,999.0,999.0
2010-08-02 00:00:00,2.254166666666667,12.870833333333332,71.75,151.58333333333334,999.0,999.0,999.0,999.0,999.0
2010-08-03 00:00:00,1.3083333333333333,18.795833333333334,83.83333333333333,203.66666666666666,999.0,999.0,999.0,999.0,999.0
2010-08-04 00:00:00,1.0791666666666666,21.395833333333332,72.375,246.66666666666666,999.0,999.0,999.0,999.0,999.0
2010-08-05 00:00:00,1.1666666666666667,20.75,78.70833333333333,267.5416666666667,999.0,999.0,999.0,999.0,999.0
2010-08-06 00:00:00,1.2666666666666668,20.5,81.33333333333333,272.2916666666667,999.0,999.0,999.0,999.0,999.0
2010-08-07 00:00:00,1.7041666666666666,17.916666666666668,83.58333333333333,128.79166666666666,999.0,999.0,999.0,999.0,999.0
2010-08-08 00:00:00,3.2125,16.145833333333332,75.45833333333333,178.70833333333334,999.0,999.0,999.0,999.0,999.0
2010-08-09 00:00:00,3.15,15.083333333333334,71.375,165.125,999.0,999.0,999.0,999.0,999.0
2010-08-10 00:00:00,1.2833333333333334,14.8125,69.375,262.25,999.0,999.0,999.0,999.0,999.0
2010-08-11 00:00:00,0.8416666666666667,17.041666666666668,65.29166666666667,277.125,999.0,999.0,999.0,999.0,999.0
2010-08-12 00:00:00,2.4166666666666665,19.479166666666668,62.541666666666664,263.2083333333333,999.0,999.0,999.0,999.0,999.0
2010-08-13 00:00:00,1.0999999999999999,20.208333333333332,73.0,274.0,999.0,999.0,999.0,999.0,999.0
2010-08-14 00:00:00,2.1958333333333333,20.229166666666668,74.5,238.875,999.0,999.0,999.0,999.0,999.0
2010-08-15 00:00:00,1.0208333333333333,18.958333333333332,85.0,141.0,999.0,999.0,999.0,999.0,999.0
2010-08-16 00:00:00,0.8541666666666666,20.166666666666668,75.33333333333333,217.29166666666666,999.0,999.0,999.0,999.0,999.0
2010-08-17 00:00:00,0.7708333333333334,21.166666666666668,73.45833333333333,253.91666666666666,999.0,999.0,999.0,999.0,999.0
2010-08-18 00:00:00,1.5041666666666667,23.541666666666668,71.08333333333333,259.4166666666667,999.0,999.0,999.0,999.0,999.0
2010-08-19 00:00:00,2.5833333333333335,23.099999999999998,69.33333333333333,260.0416666666667,999.0,999.0,999.0,999.0,999.0
2010-08-20 00:00:00,0.9958333333333332,17.395833333333332,66.875,260.5416666666667,999.0,999.0,999.0,999.0,999.0
2010-08-21 00:00:00,2.6541666666666663,22.875,69.20833333333333,256.3333333333333,999.0,999.0,999.0,999.0,999.0
2010-08-22 00:00:00,3.233333333333333,15.704166666666666,69.41666666666667,150.58333333333334,999.0,999.0,999.0,999.0,999.0
2010-08-23 00:00:00,1.0333333333333334,25.420833333333334,61.708333333333336,255.04166666666666,999.0,999.0,999.0,999.0,999.0
2010-08-24 00:00:00,1.0833333333333333,24.604166666666668,60.875,253.25,999.0,999.0,999.0,999.0,999.0
2010-08-25 00:00:00,0.7416666666666667,21.745833333333334,77.41666666666667,227.33333333333334,999.0,999.0,999.0,999.0,999.0
2010-08-26 00:00:00,2.3375,21.6875,68.20833333333333,245.70833333333334,999.0,999.0,999.0,999.0,999.0
2010-08-27 00:00:00,0.9,16.900000000000002,68.16666666666667,246.70833333333334,999.0,999.0,999.0,999.0,999.0
2010-08-28 00:00:00,1.6500000000000001,15.445833333333333,85.16666666666667,113.95833333333333,999.0,999.0,999.0,999.0,999.0
2010-08-29 00:00:00,1.8333333333333333,15.958333333333334,69.0,156.70833333333334,999.0,999.0,999.0,999.0,999.0
2010-08-30 00:00:00,0.875,16.708333333333332,64.625,222.45833333333334,999.0,999.0,999.0,999.0,999.0
2010-08-31 00:00:00,0.8583333333333334,17.020833333333332,70.33333333333333,234.33333333333334,999.0,999.0,999.0,999.0,999.0
2010-09-01 00:00:00,2.15,22.166666666666668,59.25,238.875,999.0,999.0,999.0,999.0,999.0
2010-09-02 00:00:00,1.4208333333333334,18.770833333333332,83.33333333333333,165.08333333333334,999.0,999.0,999.0,999.0,999.0
2010-09-03 00:00:00,2.1875,17.895833333333332,81.45833333333333,183.04166666666666,999.0,999.0,999.0,999.0,999.0
2010-09-04 00:00:00,1.75,15.154166666666667,77.66666666666667,183.16666666666666,999.0,999.0,999.0,999.0,999.0
2010-09-05 00:00:00,1.9000000000000001,11.875,70.125,200.16666666666666,999.0,999.0,999.0,999.0,999.0
2010-09-06 00:00:00,1.0791666666666666,12.916666666666666,68.79166666666667,230.75,999.0,999.0,999.0,999.0,999.0
2010-09-07 00:00:00,0.6375000000000001,14.895833333333334,72.41666666666667,219.45833333333334,999.0,999.0,999.0,999.0,999.0
2010-09-08 00:00:00,1.1291666666666667,16.416666666666668,68.70833333333333,212.91666666666666,999.0,999.0,999.0,999.0,999.0
2010-09-09 00:00:00,1.1708333333333334,16.0625,67.91666666666667,212.79166666666666,999.0,999.0,999.0,999.0,999.0
2010-09-10 00:00:00,1.3,16.208333333333332,67.875,212.625,999.0,999.0,999.0,999.0,999.0
2010-09-11 00:00:00,1.4791666666666667,15.479166666666666,77.5,111.5,999.0,999.0,999.0,999.0,999.0
2010-09-12 00:00:00,2.3000000000000003,16.0,72.54166666666667,107.125,999.0,999.0,999.0,999.0,999.0
2010-09-13 00:00:00,1.0166666666666666,15.166666666666666,71.41666666666667,160.5,999.0,999.0,999.0,999.0,999.0
2010-09-14 00:00:00,0.9666666666666667,11.333333333333334,78.375,164.54166666666666,999.0,999.0,999.0,999.0,999.0
2010-09-15 00:00:00,1.9291666666666665,12.916666666666666,76.41666666666667,179.70833333333334,999.0,999.0,999.0,999.0,999.0
2010-09-16 00:00:00,1.2791666666666666,14.875,85.54166666666667,162.5,999.0,999.0,999.0,999.0,999.0
2010-09-17 00:00:00,0.6625,16.020833333333332,90.875,96.625,999.0,999.0,999.0,999.0,999.0
2010-09-18 00:00:00,0.8083333333333332,17.179166666666667,82.41666666666667,80.66666666666667,999.0,999.0,999.0,999.0,999.0
2010-09-19 00:00:00,1.3583333333333334,17.320833333333333,83.125,160.41666666666666,999.0,999.0,999.0,999.0,999.0
2010-09-20 00:00:00,0.725,17.354166666666668,82.75,148.08333333333334,999.0,999.0,999.0,999.0,999.0
2010-09-21 00:00:00,1.2333333333333334,18.0,80.91666666666667,150.625,999.0,999.0,999.0,999.0,999.0
2010-09-22 00:00:00,0.8583333333333334,17.666666666666668,81.5,98.5,999.0,999.0,999.0,999.0,999.0
2010-09-23 00:00:00,0.7000000000000001,16.541666666666668,85.58333333333333,110.16666666666667,999.0,999.0,999.0,999.0,999.0
2010-09-24 00:00:00,0.9375,16.166666666666668,85.375,113.54166666666667,999.0,999.0,999.0,999.0,999.0
2010-09-25 00:00:00,0.9333333333333332,15.0,84.58333333333333,59.916666666666664,999.0,999.0,999.0,999.0,999.0
2010-09-26 00:00:00,1.0125,14.291666666666666,82.875,76.45833333333333,999.0,999.0,999.0,999.0,999.0
2010-09-27 00:00:00,0.6375000000000001,14.958333333333334,80.54166666666667,173.41666666666666,999.0,999.0,999.0,999.0,999.0
2010-09-28 00:00:00,0.9874999999999999,14.979166666666666,83.66666666666667,124.08333333333333,999.0,999.0,999.0,999.0,999.0
2010-09-29 00:00:00,1.1458333333333333,14.708333333333334,72.91666666666667,170.08333333333334,999.0,999.0,999.0,999.0,999.0
2010-09-30 00:00:00,0.85,13.833333333333334,77.25,159.08333333333334,999.0,999.0,999.0,999.0,999.0
2010-10-01 00:00:00,1.1916666666666667,11.875,90.25,59.333333333333336,999.0,999.0,999.0,999.0,999.0
2010-10-02 00:00:00,0.5208333333333334,13.541666666666666,86.5,83.33333333333333,999.0,999.0,999.0,999.0,999.0
2010-10-03 00:00:00,1.0999999999999999,13.5,78.375,162.04166666666666,999.0,999.0,999.0,999.0,999.0
2010-10-04 00:00:00,1.7833333333333332,13.3125,82.20833333333333,126.5,999.0,999.0,999.0,999.0,999.0
2010-10-05 00:00:00,2.370833333333333,14.375,80.91666666666667,100.20833333333333,999.0,999.0,999.0,999.0,999.0
2010-10-06 00:00:00,1.4416666666666667,14.833333333333334,82.125,142.16666666666666,999.0,999.0,999.0,999.0,999.0
2010-10-07 00:00:00,1.9500000000000002,16.1875,74.125,157.125,999.0,999.0,999.0,999.0,999.0
2010-10-08 00:00:00,2.1999999999999997,13.708333333333334,88.41666666666667,58.0,999.0,999.0,999.0,999.0,999.0
2010-10-09 00:00:00,0.9416666666666668,10.5625,89.66666666666667,83.66666666666667,999.0,999.0,999.0,999.0,999.0
2010-10-10 00:00:00,1.5875000000000001,14.333333333333334,95.0,60.083333333333336,999.0,999.0,999.0,999.0,999.0
2010-10-11 00:00:00,0.775,13.333333333333334,93.5,52.958333333333336,999.0,999.0,999.0,999.0,999.0
2010-10-12 00:00:00,1.0583333333333333,12.987499999999999,93.0,64.95833333333333,999.0,999.0,999.0,999.0,999.0
2010-10-13 00:00:00,1.45,12.25,90.79166666666667,53.083333333333336,999.0,999.0,999.0,999.0,999.0
2010-10-14 00:00:00,1.1125,9.458333333333334,86.16666666666667,125.16666666666667,999.0,999.0,999.0,999.0,999.0
2010-10-15 00:00:00,1.3499999999999999,10.0,80.95833333333333,131.04166666666666,999.0,999.0,999.0,999.0,999.0
2010-10-16 00:00:00,2.1708333333333334,7.125,82.70833333333333,72.29166666666667,999.0,999.0,999.0,999.0,999.0
2010-10-17 00:00:00,1.0083333333333333,6.958333333333333,81.125,92.125,999.0,999.0,999.0,999.0,999.0
2010-10-18 00:00:00,0.5666666666666667,11.041666666666666,80.41666666666667,112.75,999.0,999.0,999.0,999.0,999.0
2010-10-19 00:00:00,0.7999999999999999,11.3125,85.16666666666667,116.125,999.0,999.0,999.0,999.0,999.0
2010-10-20 00:00:00,1.1916666666666667,11.958333333333334,87.91666666666667,108.04166666666667,999.0,999.0,999.0,999.0,999.0
2010-10-21 00:00:00,0.6124999999999999,11.958333333333334,87.41666666666667,114.16666666666667,999.0,999.0,999.0,999.0,999.0
2010-10-22 00:00:00,0.6333333333333333,12.458333333333334,85.58333333333333,124.29166666666667,999.0,999.0,999.0,999.0,999.0
2010-10-23 00:00:00,0.4375,11.145833333333334,93.625,72.16666666666667,999.0,999.0,999.0,999.0,999.0
2010-10-24 00:00:00,1.9708333333333334,9.333333333333334,92.41666666666667,41.75,999.0,999.0,999.0,999.0,999.0
2010-10-25 00:00:00,1.5666666666666667,8.25,95.25,40.125,999.0,999.0,999.0,999.0,999.0
2010-10-26 00:00:00,0.5875,8.583333333333334,91.0,36.708333333333336,999.0,999.0,999.0,999.0,999.0
2010-10-27 00:00:00,1.45,8.708333333333334,90.66666666666667,36.125,999.0,999.0,999.0,999.0,999.0
2010-10-28 00:00:00,1.8458333333333332,3.5833333333333335,94.70833333333333,35.833333333333336,999.0,999.0,999.0,999.0,999.0
2010-10-29 00:00:00,1.6291666666666667,-0.2916666666666667,92.125,47.5,999.0,999.0,999.0,999.0,999.0
2010-10-30 00:00:00,0.9,0.020833333333333332,86.375,66.83333333333333,999.0,999.0,999.0,999.0,999.0
2010-10-31 00:00:00,1.0374999999999999,1.8041666666666665,79.91666666666667,104.83333333333333,999.0,999.0,999.0,999.0,999.0
2010-11-01 00:00:00,1.1625,7.341666666666666,82.08333333333333,93.875,999.0,999.0,999.0,999.0,999.0
2010-11-02 00:00:00,0.9375,8.583333333333334,83.95833333333333,43.791666666666664,999.0,999.0,999.0,999.0,999.0
2010-11-03 00:00:00,1.6208333333333333,10.166666666666666,78.16666666666667,62.958333333333336,999.0,999.0,999.0,999.0,999.0
2010-11-04 00:00:00,0.7833333333333333,8.583333333333334,88.08333333333333,39.625,999.0,999.0,999.0,999.0,999.0
2010-11-05 00:00:00,0.6083333333333333,8.875,89.29166666666667,47.041666666666664,999.0,999.0,999.0,999.0,999.0
2010-11-06 00:00:00,0.9833333333333334,6.9624999999999995,90.25,67.29166666666667,999.0,999.0,999.0,999.0,999.0
2010-11-07 00:00:00,1.1,3.779166666666667,90.54166666666667,78.5,999.0,999.0,999.0,999.0,999.0
2010-11-08 00:00:00,1.0708333333333333,6.8374999999999995,90.29166666666667,64.91666666666667,999.0,999.0,999.0,999.0,999.0
2010-11-09 00:00:00,2.216666666666667,3.2125,89.75,31.375,999.0,999.0,999.0,999.0,999.0
2010-11-10 00:00:00,0.8583333333333334,8.283333333333333,93.125,51.541666666666664,999.0,999.0,999.0,999.0,999.0
2010-11-11 00:00:00,1.1291666666666667,9.958333333333334,89.5,66.54166666666667,999.0,999.0,999.0,999.0,999.0
2010-11-12 00:00:00,0.8624999999999999,8.875,92.16666666666667,67.29166666666667,999.0,999.0,999.0,999.0,999.0
2010-11-13 00:00:00,1.4083333333333332,7.745833333333334,95.83333333333333,32.5,999.0,999.0,999.0,999.0,999.0
2010-11-14 00:00:00,0.8250000000000001,6.9125000000000005,96.875,27.541666666666668,999.0,999.0,999.0,999.0,999.0
2010-11-15 00:00:00,0.8208333333333333,6.4125000000000005,92.875,25.5,999.0,999.0,999.0,999.0,999.0
2010-11-16 00:00:00,0.2708333333333333,2.504166666666667,95.83333333333333,43.708333333333336,999.0,999.0,999.0,999.0,999.0
2010-11-17 00:00:00,0.8416666666666667,6.7375,92.625,24.666666666666668,999.0,999.0,999.0,999.0,999.0
2010-11-18 00:00:00,0.8416666666666667,6.7375,92.625,24.25,999.0,999.0,999.0,999.0,999.0
2010-11-19 00:00:00,1.0875000000000001,6.375,91.95833333333333,23.916666666666668,999.0,999.0,999.0,999.0,999.0
2010-11-20 00:00:00,2.1125000000000003,5.4125000000000005,86.45833333333333,54.916666666666664,999.0,999.0,999.0,999.0,999.0
2010-11-21 00:00:00,2.1125000000000003,5.4125000000000005,86.45833333333333,54.083333333333336,999.0,999.0,999.0,999.0,999.0
2010-11-22 00:00:00,2.1125000000000003,4.9750000000000005,83.29166666666667,53.333333333333336,999.0,999.0,999.0,999.0,999.0
2010-11-23 00:00:00,2.5166666666666666,-0.9083333333333333,71.75,69.5,999.0,999.0,999.0,999.0,999.0
2010-11-24 00:00:00,1.8499999999999999,5.383333333333333,86.5,51.791666666666664,999.0,999.0,999.0,999.0,999.0
2010-11-25 00:00:00,0.8708333333333332,1.9375,97.375,21.875,999.0,999.0,999.0,999.0,999.0
2010-11-26 00:00:00,1.1333333333333333,3.2291666666666665,95.91666666666667,27.583333333333332,999.0,999.0,999.0,999.0,999.0
2010-11-27 00:00:00,1.0166666666666666,3.375,94.08333333333333,53.625,999.0,999.0,999.0,999.0,999.0
2010-11-28 00:00:00,0.3125,2.1666666666666665,95.33333333333333,36.875,999.0,999.0,999.0,999.0,999.0
2010-11-29 00:00:00,0.7374999999999999,2.3333333333333335,96.625,28.75,999.0,999.0,999.0,999.0,999.0
2010-11-30 00:00:00,0.7833333333333333,3.75,95.91666666666667,33.416666666666664,999.0,999.0,999.0,999.0,999.0
2010-12-01 00:00:00,1.5041666666666667,0.5416666666666666,88.58333333333333,42.875,999.0,999.0,999.0,999.0,999.0
2010-12-02 00:00:00,1.2874999999999999,-1.5833333333333333,82.375,22.833333333333332,999.0,999.0,999.0,999.0,999.0
2010-12-03 00:00:00,1.7166666666666668,-0.75,79.79166666666667,29.458333333333332,999.0,999.0,999.0,999.0,999.0
2010-12-04 00:00:00,1.7916666666666667,-0.7708333333333334,82.91666666666667,40.666666666666664,999.0,999.0,999.0,999.0,999.0
2010-12-05 00:00:00,3.454166666666667,3.375,82.125,33.208333333333336,999.0,999.0,999.0,999.0,999.0
2010-12-06 00:00:00,1.3375000000000001,1.3958333333333333,87.875,29.0,999.0,999.0,999.0,999.0,999.0
2010-12-07 00:00:00,2.920833333333333,-0.6458333333333334,83.29166666666667,32.291666666666664,999.0,999.0,999.0,999.0,999.0
2010-12-08 00:00:00,1.3416666666666668,-3.2083333333333335,90.0,32.458333333333336,999.0,999.0,999.0,999.0,999.0
2010-12-09 00:00:00,0.8583333333333334,-1.7916666666666667,87.91666666666667,31.041666666666668,999.0,999.0,999.0,999.0,999.0
2010-12-10 00:00:00,1.6333333333333335,-3.0416666666666665,81.5,54.041666666666664,999.0,999.0,999.0,999.0,999.0
2010-12-11 00:00:00,4.008333333333334,0.9583333333333334,86.91666666666667,22.0,999.0,999.0,999.0,999.0,999.0
2010-12-12 00:00:00,1.6125,-1.5,83.29166666666667,21.25,999.0,999.0,999.0,999.0,999.0
2010-12-13 00:00:00,0.8916666666666666,-5.854166666666667,88.79166666666667,51.416666666666664,999.0,999.0,999.0,999.0,999.0
2010-12-14 00:00:00,1.1458333333333333,-6.75,89.08333333333333,27.375,999.0,999.0,999.0,999.0,999.0
2010-12-15 00:00:00,0.9916666666666667,-0.3333333333333333,85.04166666666667,52.291666666666664,999.0,999.0,999.0,999.0,999.0
2010-12-16 00:00:00,1.7708333333333333,3.375,93.875,34.583333333333336,999.0,999.0,999.0,999.0,999.0
2010-12-17 00:00:00,2.0124999999999997,4.833333333333333,89.75,27.041666666666668,999.0,999.0,999.0,999.0,999.0
2010-12-18 00:00:00,2.0500000000000003,5.208333333333333,85.95833333333333,22.083333333333332,999.0,999.0,999.0,999.0,999.0
2010-12-19 00:00:00,1.2916666666666667,2.875,90.83333333333333,29.166666666666668,999.0,999.0,999.0,999.0,999.0
2010-12-20 00:00:00,0.8416666666666667,2.375,92.125,42.0,999.0,999.0,999.0,999.0,999.0
2010-12-21 00:00:00,0.7458333333333332,-1.0208333333333333,95.83333333333333,23.791666666666668,999.0,999.0,999.0,999.0,999.0
2010-12-22 00:00:00,1.3625,5.020833333333333,84.70833333333333,30.291666666666668,999.0,999.0,999.0,999.0,999.0
2010-12-23 00:00:00,1.2958333333333334,3.875,90.375,53.958333333333336,999.0,999.0,999.0,999.0,999.0
2010-12-24 00:00:00,2.8791666666666664,8.854166666666666,80.375,44.666666666666664,999.0,999.0,999.0,999.0,999.0
2010-12-25 00:00:00,1.2291666666666667,6.104166666666667,77.91666666666667,55.333333333333336,999.0,999.0,999.0,999.0,999.0
2010-12-26 00:00:00,2.0083333333333333,7.75,74.0,49.708333333333336,999.0,999.0,999.0,999.0,999.0
2010-12-27 00:00:00,3.3541666666666665,9.083333333333334,73.20833333333333,52.541666666666664,999.0,999.0,999.0,999.0,999.0
2010-12-28 00:00:00,4.504166666666666,6.704166666666667,75.75,24.75,999.0,999.0,999.0,999.0,999.0
2010-12-29 00:00:00,3.8833333333333333,5.833333333333333,74.04166666666667,22.0,999.0,999.0,999.0,999.0,999.0
2010-12-30 00:00:00,0.9083333333333333,3.1875,80.125,56.416666666666664,999.0,999.0,999.0,999.0,999.0
2010-12-31 00:00:00,3.1875,6.375,67.125,37.0,999.0,999.0,999.0,999.0,999.0
